Workbook

Sheet Cómo leer este archivo
B2: Distribuciones discretas: ejercicios resueltos
B3: Matemáticas · Fabricio Díaz Gómez · Tarea del 28/09/2026
B5: Qué hay en cada hoja
B6: Resumen | C6: Las respuestas finales de los dos ejercicios, en una sola vista.
B7: Ej1 Binomial | C7: Ejercicio 1 (autos con garantía): por qué es binomial, la fórmula, el cálculo paso a paso para 0, 1 y 2 autos, la suma final y la tabla completa con gráfica.
B8: Ej2 Poisson | C8: Ejercicio 2 (clientes por hora): por qué es Poisson, cómo se ajusta el promedio de 8 horas a 1 hora, el cálculo paso a paso y la tabla completa con gráfica.
B10: Colores
B11: Texto azul, fondo amarillo | C11: Datos del problema (entradas). Si los cambias, todo el ejercicio se recalcula solo.
B12: Texto negro | C12: Fórmulas: Excel las calcula a partir de los datos. Haz clic en una celda para ver su fórmula en la barra de arriba.
B13: Fondo verde | C13: Resultado final del ejercicio.
B14: Fondo gris | C14: Explicaciones: qué se hizo y por qué.
B16: Cómo distinguir binomial de Poisson
B17: Pregunta | C17: Binomial vs. Poisson
B18: ¿Qué cuento? | C18: Binomial: cuántos ÉXITOS hay en un número FIJO de intentos (n). · Poisson: cuántas veces ocurre algo en un INTERVALO (de tiempo, espacio, etc.).
B19: ¿Hay un tope? | C19: Binomial: sí, no puede haber más de n éxitos (máximo 14 autos). · Poisson: no hay tope teórico (podrían llegar 0, 1, 2, ... clientes).
B20: ¿Qué datos me dan? | C20: Binomial: n (intentos) y p (probabilidad de éxito en cada intento). · Poisson: λ (lambda), el PROMEDIO de ocurrencias en el intervalo.
B21: Palabras típicas | C21: Binomial: 'de un lote de...', 'de 20 personas...', 'porcentaje / probabilidad de...'. · Poisson: 'en promedio ... por hora / por día / por metro'.
B22: Fórmula | C22: Binomial: P(X=k) = C(n,k) · p^k · (1−p)^(n−k) · Poisson: P(X=k) = e^(−λ) · λ^k / k!
B23: Función de Excel | C23: Binomial: BINOMDIST(k, n, p, FALSO) · Poisson: POISSON(k, λ, FALSO). Con VERDADERO dan la probabilidad ACUMULADA (de 0 hasta k).

Sheet Resumen
B2: Resumen de respuestas
B4: Ejercicio | C4: Pregunta | D4: Distribución | E4: Datos clave | F4: Resultado | G4: En %
B5: 1 | C5: Probabilidad de que MÁXIMO 2 de 14 autos necesiten garantía | D5: Binomial | E5: ="n = "&'Ej1 Binomial'!C9&", p = "&TEXT('Ej1 Binomial'!C10,"0%") | F5: ='Ej1 Binomial'!F22 | G5: ='Ej1 Binomial'!F22
B6: 2 | C6: Probabilidad de atender EXACTAMENTE 7 clientes en una hora | D6: Poisson | E6: ="λ = 41 ÷ 8 = "&TEXT('Ej2 Poisson'!C16,"0.000") | F6: ='Ej2 Poisson'!D26 | G6: ='Ej2 Poisson'!D26
B8: Los resultados se toman de las hojas de cada ejercicio (texto verde = vínculo a otra hoja). Si cambias un dato en esas hojas, este resumen se actualiza solo.

Sheet Ej1 Binomial
B2: Ejercicio 1: autos con servicio de garantía (distribución binomial)
B3: Enunciado: en promedio el 22 % de los vehículos nuevos necesitan servicio de garantía el primer año. Calcule la probabilidad de que MÁXIMO 2 autos, de un lote de 14, necesiten servicio de garantía el primer año.
B5: Paso 1. ¿Por qué es binomial?
B6: • Hay un número FIJO de intentos: 14 autos (n = 14). • Cada auto tiene solo 2 resultados: necesita garantía ("éxito") o no la necesita ("fracaso"). • La probabilidad de éxito es la misma para cada auto: 22 % (p = 0.22), y un auto no afecta a otro. • Contamos CUÁNTOS éxitos hay (X = número de autos que necesitan garantía). Todo esto es exactamente una distribución binomial.
B8: Paso 2. Datos del problema
B9: n (autos en el lote) | C9: 14 | D9: Número de intentos. Dato del enunciado.
B10: p (prob. de necesitar garantía) | C10: 0.22 | D10: Probabilidad de éxito. Dato del enunciado: 22 % = 0.22.
B11: q = 1 − p (prob. de NO necesitarla) | C11: =1-C10 | D11: Probabilidad de fracaso: lo que falta para llegar a 100 %.
B12: k máximo ("máximo 2 autos") | C12: 2 | D12: "Máximo 2" significa 0, 1 o 2 autos: X ≤ 2.
B14: Paso 3. La fórmula binomial
B15: P(X = k) = C(n, k) · p^k · q^(n−k) • C(n, k) = combinaciones: de cuántas formas distintas se pueden elegir k autos de los n. En Excel: COMBINAT(n; k) (en inglés COMBIN). • p^k = probabilidad de que esos k autos SÍ necesiten garantía. • q^(n−k) = probabilidad de que los otros n−k autos NO la necesiten. Como piden "máximo 2", hay que calcular P(X=0), P(X=1) y P(X=2) y SUMARLAS: P(X ≤ 2) = P(0) + P(1) + P(2).
B17: Paso 4. Cálculo paso a paso
B18: k (autos con garantía) | C18: C(n, k) | D18: p^k | E18: q^(n−k) | F18: P(X = k) = C · p^k · q^(n−k) | G18: Comprobación con BINOMDIST | H18: Qué significa
B19: 0 | C19: =COMBIN($C$9,B19) | D19: =$C$10^B19 | E19: =$C$11^($C$9-B19) | F19: =C19*D19*E19 | G19: =BINOMDIST(B19,$C$9,$C$10,FALSE) | H19: Ningún auto necesita garantía: los 14 salen bien. Solo hay 1 forma de que pase.
B20: 1 | C20: =COMBIN($C$9,B20) | D20: =$C$10^B20 | E20: =$C$11^($C$9-B20) | F20: =C20*D20*E20 | G20: =BINOMDIST(B20,$C$9,$C$10,FALSE) | H20: Exactamente 1 auto necesita garantía. Puede ser cualquiera de los 14: hay 14 formas.
B21: 2 | C21: =COMBIN($C$9,B21) | D21: =$C$10^B21 | E21: =$C$11^($C$9-B21) | F21: =C21*D21*E21 | G21: =BINOMDIST(B21,$C$9,$C$10,FALSE) | H21: Exactamente 2 autos necesitan garantía. Hay 91 formas de elegir 2 autos de 14.
B22: P(X ≤ 2) = suma | F22: =SUM(F19:F21) | G22: =BINOMDIST($C$12,$C$9,$C$10,TRUE) | H22: Con VERDADERO (TRUE), BINOMDIST suma de 0 hasta k de una vez. Debe dar lo mismo que la suma.
B24: Paso 5. Resultado
B25: P(X ≤ 2) = | C25: =F22 | D25: =F22
B26: ="Interpretación: hay una probabilidad de "&TEXT(F22,"0.00%")&" de que, de un lote de 14 autos, máximo 2 necesiten servicio de garantía el primer año (es decir, poco más de 1 de cada 3 lotes)."
B28: Ejemplo del cálculo a mano para k = 2
B29: P(X=2) = C(14,2) · 0.22² · 0.78¹² • C(14,2) = 14·13 / 2 = 91 • 0.22² = 0.0484 • 0.78¹² ≈ 0.050712 • P(X=2) = 91 × 0.0484 × 0.050712 ≈ 0.2234 Lo mismo se hace con k = 0 y k = 1, y al final se suman los tres.
B31: Extra: la distribución completa (de 0 a 14 autos)
B32: Esta tabla calcula la probabilidad de cada posible número de autos. Las filas en azul claro son las que suma el ejercicio (0, 1 y 2). La probabilidad acumulada muestra P(X ≤ k). Todas las probabilidades juntas suman 1 (100 %).
B33: k | C33: P(X = k) | D33: P(X ≤ k) acumulada
B34: 0 | C34: =BINOMDIST(B34,$C$9,$C$10,FALSE) | D34: =BINOMDIST(B34,$C$9,$C$10,TRUE)
B35: 1 | C35: =BINOMDIST(B35,$C$9,$C$10,FALSE) | D35: =BINOMDIST(B35,$C$9,$C$10,TRUE)
B36: 2 | C36: =BINOMDIST(B36,$C$9,$C$10,FALSE) | D36: =BINOMDIST(B36,$C$9,$C$10,TRUE)
B37: 3 | C37: =BINOMDIST(B37,$C$9,$C$10,FALSE) | D37: =BINOMDIST(B37,$C$9,$C$10,TRUE)
B38: 4 | C38: =BINOMDIST(B38,$C$9,$C$10,FALSE) | D38: =BINOMDIST(B38,$C$9,$C$10,TRUE)
B39: 5 | C39: =BINOMDIST(B39,$C$9,$C$10,FALSE) | D39: =BINOMDIST(B39,$C$9,$C$10,TRUE)
B40: 6 | C40: =BINOMDIST(B40,$C$9,$C$10,FALSE) | D40: =BINOMDIST(B40,$C$9,$C$10,TRUE)
B41: 7 | C41: =BINOMDIST(B41,$C$9,$C$10,FALSE) | D41: =BINOMDIST(B41,$C$9,$C$10,TRUE)
B42: 8 | C42: =BINOMDIST(B42,$C$9,$C$10,FALSE) | D42: =BINOMDIST(B42,$C$9,$C$10,TRUE)
B43: 9 | C43: =BINOMDIST(B43,$C$9,$C$10,FALSE) | D43: =BINOMDIST(B43,$C$9,$C$10,TRUE)
B44: 10 | C44: =BINOMDIST(B44,$C$9,$C$10,FALSE) | D44: =BINOMDIST(B44,$C$9,$C$10,TRUE)
B45: 11 | C45: =BINOMDIST(B45,$C$9,$C$10,FALSE) | D45: =BINOMDIST(B45,$C$9,$C$10,TRUE)
... B48: 14 | C48: =BINOMDIST(B48,$C$9,$C$10,FALSE) | D48: =BINOMDIST(B48,$C$9,$C$10,TRUE)
B49: Suma total | C49: =SUM(C34:C48)

Sheet Ej2 Poisson
B2: Ejercicio 2: clientes atendidos en una hora (distribución de Poisson)
B3: Enunciado: en una jornada normal de ocho horas, un agente de atención al cliente atiende en promedio a 41 clientes. Calcule la probabilidad de que en una hora atienda EXACTAMENTE a 7 clientes.
B5: Paso 1. ¿Por qué es Poisson?
B6: • Contamos cuántas veces ocurre algo (clientes atendidos) en un INTERVALO de tiempo (una hora). • No hay un número fijo de intentos ni un tope: podrían ser 0, 1, 2, ... clientes. • El dato que nos dan es un PROMEDIO por intervalo ("en promedio 41 clientes en 8 horas"). Eso es justo una distribución de Poisson. Su único dato es λ (lambda) = promedio de ocurrencias en el intervalo que pregunta el problema.
B8: Paso 2. Datos del problema
B9: Clientes promedio en la jornada | C9: 41 | D9: Dato del enunciado.
B10: Horas de la jornada | C10: 8 | D10: Dato del enunciado.
B11: Intervalo que pregunta el problema (horas) | C11: 1 | D11: "En una hora".
B12: k (clientes exactos) | C12: 7 | D12: "Exactamente 7 clientes": X = 7.
B14: Paso 3. Ajustar el promedio a 1 hora (¡el paso clave!)
B15: El promedio que nos dan es para 8 horas, pero la pregunta es sobre 1 hora. λ tiene que estar en el MISMO intervalo que la pregunta, así que usamos una regla de tres: si en 8 horas son 41 clientes, en 1 hora son 41 ÷ 8 = 5.125 clientes en promedio. Error típico: usar λ = 41 directamente. Eso respondería a otra pregunta (7 clientes en toda la jornada).
B16: λ = promedio por hora | C16: =C9/C10*C11 | D16: Es decir: 41 ÷ 8 × 1 = 5.125 clientes por hora, en promedio.
B18: Paso 4. La fórmula de Poisson
B19: P(X = k) = e^(−λ) · λ^k / k! • e ≈ 2.71828 es una constante matemática (como π). En Excel: EXP(−λ) calcula e^(−λ). • λ^k = lambda elevado a la k. • k! = factorial de k: 7! = 7·6·5·4·3·2·1 = 5040. En Excel: FACT(k).
B21: Paso 5. Cálculo paso a paso
B22: Parte de la fórmula | C22: Fórmula en Excel | D22: Valor | E22: Explicación
B23: e^(−λ) | C23: EXP(−λ) | D23: =EXP(-C16) | E23: e elevado a menos 5.125.
B24: λ^k | C24: λ^k | D24: =C16^C12 | E24: 5.125 elevado a la 7.
B25: k! | C25: FACT(k) | D25: =FACT(C12) | E25: 7! = 5040.
B26: P(X = k) = e^(−λ) · λ^k / k! | C26: multiplicar y dividir | D26: =D23*D24/D25 | E26: Se juntan las tres partes.
B27: Comprobación con POISSON | C27: POISSON(k; λ; FALSO) | D27: =POISSON(C12,C16,FALSE) | E27: La función de Excel hace todo de una vez. Debe dar lo mismo.
B29: Paso 6. Resultado
B30: P(X = 7) = | C30: =D26 | D30: =D26
B31: ="Interpretación: hay una probabilidad de "&TEXT(D26,"0.00%")&" de que, en una hora cualquiera, el agente atienda exactamente a 7 clientes (más o menos 1 de cada 9 horas)."
B33: Extra: la distribución completa (de 0 a 15 clientes en una hora)
B34: Probabilidad de cada número de clientes con λ = 5.125. La fila en azul claro es la del ejercicio (k = 7). Fíjate que los valores más probables están cerca del promedio (5 clientes).
B35: k (clientes) | C35: P(X = k) | D35: P(X ≤ k) acumulada
B36: 0 | C36: =POISSON(B36,$C$16,FALSE) | D36: =POISSON(B36,$C$16,TRUE)
B37: 1 | C37: =POISSON(B37,$C$16,FALSE) | D37: =POISSON(B37,$C$16,TRUE)
B38: 2 | C38: =POISSON(B38,$C$16,FALSE) | D38: =POISSON(B38,$C$16,TRUE)
B39: 3 | C39: =POISSON(B39,$C$16,FALSE) | D39: =POISSON(B39,$C$16,TRUE)
B40: 4 | C40: =POISSON(B40,$C$16,FALSE) | D40: =POISSON(B40,$C$16,TRUE)
B41: 5 | C41: =POISSON(B41,$C$16,FALSE) | D41: =POISSON(B41,$C$16,TRUE)
B42: 6 | C42: =POISSON(B42,$C$16,FALSE) | D42: =POISSON(B42,$C$16,TRUE)
B43: 7 | C43: =POISSON(B43,$C$16,FALSE) | D43: =POISSON(B43,$C$16,TRUE)
B44: 8 | C44: =POISSON(B44,$C$16,FALSE) | D44: =POISSON(B44,$C$16,TRUE)
B45: 9 | C45: =POISSON(B45,$C$16,FALSE) | D45: =POISSON(B45,$C$16,TRUE)
B46: 10 | C46: =POISSON(B46,$C$16,FALSE) | D46: =POISSON(B46,$C$16,TRUE)
B47: 11 | C47: =POISSON(B47,$C$16,FALSE) | D47: =POISSON(B47,$C$16,TRUE)
... B51: 15 | C51: =POISSON(B51,$C$16,FALSE) | D51: =POISSON(B51,$C$16,TRUE)
